country;sector;f
Australia;Agriculture, Hunting, Forestry and Fishing;0
Australia;Mining and Quarrying;0
Australia;Food, Beverages and Tobacco;0
Australia;Textiles and Textile Products;0
Australia;Leather, Leather and Footwear;0
Australia;Wood and Products of Wood and Cork;0
Australia;Pulp, Paper, Paper , Printing and Publishing;0
Australia;Coke, Refined Petroleum and Nuclear Fuel;0
Australia;Chemicals and Chemical Products;0
Australia;Rubber and Plastics;0
Australia;Other Non-Metallic Mineral;0
Australia;Basic Metals and Fabricated Metal;0
Australia;Machinery, Nec;0
Australia;Electrical and Optical Equipment;0
Australia;Transport Equipment;0
Australia;"Manufacturing, Nec; Recycling";0
Australia;Electricity, Gas and Water Supply;0
Australia;Construction;0
Australia;"Sale, Maintenance and Repair of Motor Vehicles and Motorcycles; Retail Sale of Fuel";0
Australia;Wholesale Trade and Commission Trade, Except of Motor Vehicles and Motorcycles;0
Australia;"Retail Trade, Except of Motor Vehicles and Motorcycles; Repair of Household Goods";0
Australia;Hotels and Restaurants;0
Australia;Inland Transport;0
Australia;Water Transport;0
Australia;Air Transport;0
Australia;"Other Supporting and Auxiliary Transport Activities; Activities of Travel Agencies";0
Australia;Post and Telecommunications;0
Australia;Financial Intermediation;0
Australia;Real Estate Activities;0
Australia;Renting of M&Eq and Other Business Activities;0
Australia;"Public Admin and Defence; Compulsory Social Security";0
Australia;Education;0
Australia;Health and Social Work;0
Australia;Other Community, Social and Personal Services;0
Australia;Private Households with Employed Persons;0
Austria;Agriculture, Hunting, Forestry and Fishing;0
Austria;Mining and Quarrying;0
Austria;Food, Beverages and Tobacco;0
Austria;Textiles and Textile Products;0
Austria;Leather, Leather and Footwear;0
Austria;Wood and Products of Wood and Cork;0
Austria;Pulp, Paper, Paper , Printing and Publishing;0
Austria;Coke, Refined Petroleum and Nuclear Fuel;0
Austria;Chemicals and Chemical Products;0
Austria;Rubber and Plastics;0
Austria;Other Non-Metallic Mineral;0
Austria;Basic Metals and Fabricated Metal;0
Austria;Machinery, Nec;0
Austria;Electrical and Optical Equipment;0
Austria;Transport Equipment;0
Austria;"Manufacturing, Nec; Recycling";0
Austria;Electricity, Gas and Water Supply;0
Austria;Construction;0
Austria;"Sale, Maintenance and Repair of Motor Vehicles and Motorcycles; Retail Sale of Fuel";0
Austria;Wholesale Trade and Commission Trade, Except of Motor Vehicles and Motorcycles;0
Austria;"Retail Trade, Except of Motor Vehicles and Motorcycles; Repair of Household Goods";0
Austria;Hotels and Restaurants;0
Austria;Inland Transport;0
Austria;Water Transport;0
Austria;Air Transport;0
Austria;"Other Supporting and Auxiliary Transport Activities; Activities of Travel Agencies";0
Austria;Post and Telecommunications;0
Austria;Financial Intermediation;0
Austria;Real Estate Activities;0
Austria;Renting of M&Eq and Other Business Activities;0
Austria;"Public Admin and Defence; Compulsory Social Security";0
Austria;Education;0
Austria;Health and Social Work;0
Austria;Other Community, Social and Personal Services;0
Austria;Private Households with Employed Persons;0
Belgium;Agriculture, Hunting, Forestry and Fishing;0
Belgium;Mining and Quarrying;0
Belgium;Food, Beverages and Tobacco;0
Belgium;Textiles and Textile Products;0
Belgium;Leather, Leather and Footwear;0
Belgium;Wood and Products of Wood and Cork;0
Belgium;Pulp, Paper, Paper , Printing and Publishing;0
Belgium;Coke, Refined Petroleum and Nuclear Fuel;0
Belgium;Chemicals and Chemical Products;0
Belgium;Rubber and Plastics;0
Belgium;Other Non-Metallic Mineral;0
Belgium;Basic Metals and Fabricated Metal;0
Belgium;Machinery, Nec;0
Belgium;Electrical and Optical Equipment;0
Belgium;Transport Equipment;0
Belgium;"Manufacturing, Nec; Recycling";0
Belgium;Electricity, Gas and Water Supply;0
Belgium;Construction;0
Belgium;"Sale, Maintenance and Repair of Motor Vehicles and Motorcycles; Retail Sale of Fuel";0
Belgium;Wholesale Trade and Commission Trade, Except of Motor Vehicles and Motorcycles;0
Belgium;"Retail Trade, Except of Motor Vehicles and Motorcycles; Repair of Household Goods";0
Belgium;Hotels and Restaurants;0
Belgium;Inland Transport;0
Belgium;Water Transport;0
Belgium;Air Transport;0
Belgium;"Other Supporting and Auxiliary Transport Activities; Activities of Travel Agencies";0
Belgium;Post and Telecommunications;0
Belgium;Financial Intermediation;0
Belgium;Real Estate Activities;0
Belgium;Renting of M&Eq and Other Business Activities;0
Belgium;"Public Admin and Defence; Compulsory Social Security";0
Belgium;Education;0
Belgium;Health and Social Work;0
Belgium;Other Community, Social and Personal Services;0
Belgium;Private Households with Employed Persons;0
Bulgaria;Agriculture, Hunting, Forestry and Fishing;0
Bulgaria;Mining and Quarrying;0
Bulgaria;Food, Beverages and Tobacco;0
Bulgaria;Textiles and Textile Products;0
Bulgaria;Leather, Leather and Footwear;0
Bulgaria;Wood and Products of Wood and Cork;0
Bulgaria;Pulp, Paper, Paper , Printing and Publishing;0
Bulgaria;Coke, Refined Petroleum and Nuclear Fuel;0
Bulgaria;Chemicals and Chemical Products;0
Bulgaria;Rubber and Plastics;0
Bulgaria;Other Non-Metallic Mineral;0
Bulgaria;Basic Metals and Fabricated Metal;0
Bulgaria;Machinery, Nec;0
Bulgaria;Electrical and Optical Equipment;0
Bulgaria;Transport Equipment;0
Bulgaria;"Manufacturing, Nec; Recycling";0
Bulgaria;Electricity, Gas and Water Supply;0
Bulgaria;Construction;0
Bulgaria;"Sale, Maintenance and Repair of Motor Vehicles and Motorcycles; Retail Sale of Fuel";0
Bulgaria;Wholesale Trade and Commission Trade, Except of Motor Vehicles and Motorcycles;0
Bulgaria;"Retail Trade, Except of Motor Vehicles and Motorcycles; Repair of Household Goods";0
Bulgaria;Hotels and Restaurants;0
Bulgaria;Inland Transport;0
Bulgaria;Water Transport;0
Bulgaria;Air Transport;0
Bulgaria;"Other Supporting and Auxiliary Transport Activities; Activities of Travel Agencies";0
Bulgaria;Post and Telecommunications;0
Bulgaria;Financial Intermediation;0
Bulgaria;Real Estate Activities;0
Bulgaria;Renting of M&Eq and Other Business Activities;0
Bulgaria;"Public Admin and Defence; Compulsory Social Security";0
Bulgaria;Education;0
Bulgaria;Health and Social Work;0
Bulgaria;Other Community, Social and Personal Services;0
Bulgaria;Private Households with Employed Persons;0
Brazil;Agriculture, Hunting, Forestry and Fishing;0
Brazil;Mining and Quarrying;0
Brazil;Food, Beverages and Tobacco;0
Brazil;Textiles and Textile Products;0
Brazil;Leather, Leather and Footwear;0
Brazil;Wood and Products of Wood and Cork;0
Brazil;Pulp, Paper, Paper , Printing and Publishing;0
Brazil;Coke, Refined Petroleum and Nuclear Fuel;0
Brazil;Chemicals and Chemical Products;0
Brazil;Rubber and Plastics;0
Brazil;Other Non-Metallic Mineral;0
Brazil;Basic Metals and Fabricated Metal;0
Brazil;Machinery, Nec;0
Brazil;Electrical and Optical Equipment;0
Brazil;Transport Equipment;0
Brazil;"Manufacturing, Nec; Recycling";0
Brazil;Electricity, Gas and Water Supply;0
Brazil;Construction;0
Brazil;"Sale, Maintenance and Repair of Motor Vehicles and Motorcycles; Retail Sale of Fuel";0
Brazil;Wholesale Trade and Commission Trade, Except of Motor Vehicles and Motorcycles;0
Brazil;"Retail Trade, Except of Motor Vehicles and Motorcycles; Repair of Household Goods";0
Brazil;Hotels and Restaurants;0
Brazil;Inland Transport;0
Brazil;Water Transport;0
Brazil;Air Transport;0
Brazil;"Other Supporting and Auxiliary Transport Activities; Activities of Travel Agencies";0
Brazil;Post and Telecommunications;0
Brazil;Financial Intermediation;0
Brazil;Real Estate Activities;0
Brazil;Renting of M&Eq and Other Business Activities;0
Brazil;"Public Admin and Defence; Compulsory Social Security";0
Brazil;Education;0
Brazil;Health and Social Work;0
Brazil;Other Community, Social and Personal Services;0
Brazil;Private Households with Employed Persons;0
Canada;Agriculture, Hunting, Forestry and Fishing;0
Canada;Mining and Quarrying;0
Canada;Food, Beverages and Tobacco;0
Canada;Textiles and Textile Products;0
Canada;Leather, Leather and Footwear;0
Canada;Wood and Products of Wood and Cork;0
Canada;Pulp, Paper, Paper , Printing and Publishing;0
Canada;Coke, Refined Petroleum and Nuclear Fuel;0
Canada;Chemicals and Chemical Products;0
Canada;Rubber and Plastics;0
Canada;Other Non-Metallic Mineral;0
Canada;Basic Metals and Fabricated Metal;0
Canada;Machinery, Nec;0
Canada;Electrical and Optical Equipment;0
Canada;Transport Equipment;0
Canada;"Manufacturing, Nec; Recycling";0
Canada;Electricity, Gas and Water Supply;0
Canada;Construction;0
Canada;"Sale, Maintenance and Repair of Motor Vehicles and Motorcycles; Retail Sale of Fuel";0
Canada;Wholesale Trade and Commission Trade, Except of Motor Vehicles and Motorcycles;0
Canada;"Retail Trade, Except of Motor Vehicles and Motorcycles; Repair of Household Goods";0
Canada;Hotels and Restaurants;0
Canada;Inland Transport;0
Canada;Water Transport;0
Canada;Air Transport;0
Canada;"Other Supporting and Auxiliary Transport Activities; Activities of Travel Agencies";0
Canada;Post and Telecommunications;0
Canada;Financial Intermediation;0
Canada;Real Estate Activities;0
Canada;Renting of M&Eq and Other Business Activities;0
Canada;"Public Admin and Defence; Compulsory Social Security";0
Canada;Education;0
Canada;Health and Social Work;0
Canada;Other Community, Social and Personal Services;0
Canada;Private Households with Employed Persons;0
China;Agriculture, Hunting, Forestry and Fishing;0
China;Mining and Quarrying;0
China;Food, Beverages and Tobacco;0
China;Textiles and Textile Products;0
China;Leather, Leather and Footwear;0
China;Wood and Products of Wood and Cork;0
China;Pulp, Paper, Paper , Printing and Publishing;0
China;Coke, Refined Petroleum and Nuclear Fuel;0
China;Chemicals and Chemical Products;0
China;Rubber and Plastics;0
China;Other Non-Metallic Mineral;0
China;Basic Metals and Fabricated Metal;0
China;Machinery, Nec;0
China;Electrical and Optical Equipment;0
China;Transport Equipment;0
China;"Manufacturing, Nec; Recycling";0
China;Electricity, Gas and Water Supply;0
China;Construction;0
China;"Sale, Maintenance and Repair of Motor Vehicles and Motorcycles; Retail Sale of Fuel";0
China;Wholesale Trade and Commission Trade, Except of Motor Vehicles and Motorcycles;0
China;"Retail Trade, Except of Motor Vehicles and Motorcycles; Repair of Household Goods";0
China;Hotels and Restaurants;0
China;Inland Transport;0
China;Water Transport;0
China;Air Transport;0
China;"Other Supporting and Auxiliary Transport Activities; Activities of Travel Agencies";0
China;Post and Telecommunications;0
China;Financial Intermediation;0
China;Real Estate Activities;0
China;Renting of M&Eq and Other Business Activities;0
China;"Public Admin and Defence; Compulsory Social Security";0
China;Education;0
China;Health and Social Work;0
China;Other Community, Social and Personal Services;0
China;Private Households with Employed Persons;0
Cyprus;Agriculture, Hunting, Forestry and Fishing;0
Cyprus;Mining and Quarrying;0
Cyprus;Food, Beverages and Tobacco;0
Cyprus;Textiles and Textile Products;0
Cyprus;Leather, Leather and Footwear;0
Cyprus;Wood and Products of Wood and Cork;0
Cyprus;Pulp, Paper, Paper , Printing and Publishing;0
Cyprus;Coke, Refined Petroleum and Nuclear Fuel;0
Cyprus;Chemicals and Chemical Products;0
Cyprus;Rubber and Plastics;0
Cyprus;Other Non-Metallic Mineral;0
Cyprus;Basic Metals and Fabricated Metal;0
Cyprus;Machinery, Nec;0
Cyprus;Electrical and Optical Equipment;0
Cyprus;Transport Equipment;0
Cyprus;"Manufacturing, Nec; Recycling";0
Cyprus;Electricity, Gas and Water Supply;0
Cyprus;Construction;0
Cyprus;"Sale, Maintenance and Repair of Motor Vehicles and Motorcycles; Retail Sale of Fuel";0
Cyprus;Wholesale Trade and Commission Trade, Except of Motor Vehicles and Motorcycles;0
Cyprus;"Retail Trade, Except of Motor Vehicles and Motorcycles; Repair of Household Goods";0
Cyprus;Hotels and Restaurants;0
Cyprus;Inland Transport;0
Cyprus;Water Transport;0
Cyprus;Air Transport;0
Cyprus;"Other Supporting and Auxiliary Transport Activities; Activities of Travel Agencies";0
Cyprus;Post and Telecommunications;0
Cyprus;Financial Intermediation;0
Cyprus;Real Estate Activities;0
Cyprus;Renting of M&Eq and Other Business Activities;0
Cyprus;"Public Admin and Defence; Compulsory Social Security";0
Cyprus;Education;0
Cyprus;Health and Social Work;0
Cyprus;Other Community, Social and Personal Services;0
Cyprus;Private Households with Employed Persons;0
Czech Republic;Agriculture, Hunting, Forestry and Fishing;0
Czech Republic;Mining and Quarrying;0
Czech Republic;Food, Beverages and Tobacco;0
Czech Republic;Textiles and Textile Products;0
Czech Republic;Leather, Leather and Footwear;0
Czech Republic;Wood and Products of Wood and Cork;0
Czech Republic;Pulp, Paper, Paper , Printing and Publishing;0
Czech Republic;Coke, Refined Petroleum and Nuclear Fuel;0
Czech Republic;Chemicals and Chemical Products;0
Czech Republic;Rubber and Plastics;0
Czech Republic;Other Non-Metallic Mineral;0
Czech Republic;Basic Metals and Fabricated Metal;0
Czech Republic;Machinery, Nec;0
Czech Republic;Electrical and Optical Equipment;0
Czech Republic;Transport Equipment;0
Czech Republic;"Manufacturing, Nec; Recycling";0
Czech Republic;Electricity, Gas and Water Supply;0
Czech Republic;Construction;0
Czech Republic;"Sale, Maintenance and Repair of Motor Vehicles and Motorcycles; Retail Sale of Fuel";0
Czech Republic;Wholesale Trade and Commission Trade, Except of Motor Vehicles and Motorcycles;0
Czech Republic;"Retail Trade, Except of Motor Vehicles and Motorcycles; Repair of Household Goods";0
Czech Republic;Hotels and Restaurants;0
Czech Republic;Inland Transport;0
Czech Republic;Water Transport;0
Czech Republic;Air Transport;0
Czech Republic;"Other Supporting and Auxiliary Transport Activities; Activities of Travel Agencies";0
Czech Republic;Post and Telecommunications;0
Czech Republic;Financial Intermediation;0
Czech Republic;Real Estate Activities;0
Czech Republic;Renting of M&Eq and Other Business Activities;0
Czech Republic;"Public Admin and Defence; Compulsory Social Security";0
Czech Republic;Education;0
Czech Republic;Health and Social Work;0
Czech Republic;Other Community, Social and Personal Services;0
Czech Republic;Private Households with Employed Persons;0
Deutschland;Agriculture, Hunting, Forestry and Fishing;0
Deutschland;Mining and Quarrying;0
Deutschland;Food, Beverages and Tobacco;0
Deutschland;Textiles and Textile Products;0
Deutschland;Leather, Leather and Footwear;0
Deutschland;Wood and Products of Wood and Cork;0
Deutschland;Pulp, Paper, Paper , Printing and Publishing;0
Deutschland;Coke, Refined Petroleum and Nuclear Fuel;0
Deutschland;Chemicals and Chemical Products;0
Deutschland;Rubber and Plastics;0
Deutschland;Other Non-Metallic Mineral;0
Deutschland;Basic Metals and Fabricated Metal;0
Deutschland;Machinery, Nec;0
Deutschland;Electrical and Optical Equipment;0
Deutschland;Transport Equipment;0
Deutschland;"Manufacturing, Nec; Recycling";0
Deutschland;Electricity, Gas and Water Supply;0
Deutschland;Construction;0
Deutschland;"Sale, Maintenance and Repair of Motor Vehicles and Motorcycles; Retail Sale of Fuel";0
Deutschland;Wholesale Trade and Commission Trade, Except of Motor Vehicles and Motorcycles;0
Deutschland;"Retail Trade, Except of Motor Vehicles and Motorcycles; Repair of Household Goods";0
Deutschland;Hotels and Restaurants;0
Deutschland;Inland Transport;0
Deutschland;Water Transport;0
Deutschland;Air Transport;0
Deutschland;"Other Supporting and Auxiliary Transport Activities; Activities of Travel Agencies";0
Deutschland;Post and Telecommunications;0
Deutschland;Financial Intermediation;0
Deutschland;Real Estate Activities;0
Deutschland;Renting of M&Eq and Other Business Activities;0
Deutschland;"Public Admin and Defence; Compulsory Social Security";0
Deutschland;Education;0
Deutschland;Health and Social Work;0
Deutschland;Other Community, Social and Personal Services;0
Deutschland;Private Households with Employed Persons;0
Denmark;Agriculture, Hunting, Forestry and Fishing;0
Denmark;Mining and Quarrying;0
Denmark;Food, Beverages and Tobacco;0
Denmark;Textiles and Textile Products;0
Denmark;Leather, Leather and Footwear;0
Denmark;Wood and Products of Wood and Cork;0
Denmark;Pulp, Paper, Paper , Printing and Publishing;0
Denmark;Coke, Refined Petroleum and Nuclear Fuel;0
Denmark;Chemicals and Chemical Products;0
Denmark;Rubber and Plastics;0
Denmark;Other Non-Metallic Mineral;0
Denmark;Basic Metals and Fabricated Metal;0
Denmark;Machinery, Nec;0
Denmark;Electrical and Optical Equipment;0
Denmark;Transport Equipment;0
Denmark;"Manufacturing, Nec; Recycling";0
Denmark;Electricity, Gas and Water Supply;0
Denmark;Construction;0
Denmark;"Sale, Maintenance and Repair of Motor Vehicles and Motorcycles; Retail Sale of Fuel";0
Denmark;Wholesale Trade and Commission Trade, Except of Motor Vehicles and Motorcycles;0
Denmark;"Retail Trade, Except of Motor Vehicles and Motorcycles; Repair of Household Goods";0
Denmark;Hotels and Restaurants;0
Denmark;Inland Transport;0
Denmark;Water Transport;0
Denmark;Air Transport;0
Denmark;"Other Supporting and Auxiliary Transport Activities; Activities of Travel Agencies";0
Denmark;Post and Telecommunications;0
Denmark;Financial Intermediation;0
Denmark;Real Estate Activities;0
Denmark;Renting of M&Eq and Other Business Activities;0
Denmark;"Public Admin and Defence; Compulsory Social Security";0
Denmark;Education;0
Denmark;Health and Social Work;0
Denmark;Other Community, Social and Personal Services;0
Denmark;Private Households with Employed Persons;0
Spain;Agriculture, Hunting, Forestry and Fishing;0
Spain;Mining and Quarrying;0
Spain;Food, Beverages and Tobacco;0
Spain;Textiles and Textile Products;0
Spain;Leather, Leather and Footwear;0
Spain;Wood and Products of Wood and Cork;0
Spain;Pulp, Paper, Paper , Printing and Publishing;0
Spain;Coke, Refined Petroleum and Nuclear Fuel;0
Spain;Chemicals and Chemical Products;0
Spain;Rubber and Plastics;0
Spain;Other Non-Metallic Mineral;0
Spain;Basic Metals and Fabricated Metal;0
Spain;Machinery, Nec;0
Spain;Electrical and Optical Equipment;0
Spain;Transport Equipment;0
Spain;"Manufacturing, Nec; Recycling";0
Spain;Electricity, Gas and Water Supply;0
Spain;Construction;0
Spain;"Sale, Maintenance and Repair of Motor Vehicles and Motorcycles; Retail Sale of Fuel";0
Spain;Wholesale Trade and Commission Trade, Except of Motor Vehicles and Motorcycles;0
Spain;"Retail Trade, Except of Motor Vehicles and Motorcycles; Repair of Household Goods";0
Spain;Hotels and Restaurants;0
Spain;Inland Transport;0
Spain;Water Transport;0
Spain;Air Transport;0
Spain;"Other Supporting and Auxiliary Transport Activities; Activities of Travel Agencies";0
Spain;Post and Telecommunications;0
Spain;Financial Intermediation;0
Spain;Real Estate Activities;0
Spain;Renting of M&Eq and Other Business Activities;0
Spain;"Public Admin and Defence; Compulsory Social Security";0
Spain;Education;0
Spain;Health and Social Work;0
Spain;Other Community, Social and Personal Services;0
Spain;Private Households with Employed Persons;0
Estonia;Agriculture, Hunting, Forestry and Fishing;0
Estonia;Mining and Quarrying;0
Estonia;Food, Beverages and Tobacco;0
Estonia;Textiles and Textile Products;0
Estonia;Leather, Leather and Footwear;0
Estonia;Wood and Products of Wood and Cork;0
Estonia;Pulp, Paper, Paper , Printing and Publishing;0
Estonia;Coke, Refined Petroleum and Nuclear Fuel;0
Estonia;Chemicals and Chemical Products;0
Estonia;Rubber and Plastics;0
Estonia;Other Non-Metallic Mineral;0
Estonia;Basic Metals and Fabricated Metal;0
Estonia;Machinery, Nec;0
Estonia;Electrical and Optical Equipment;0
Estonia;Transport Equipment;0
Estonia;"Manufacturing, Nec; Recycling";0
Estonia;Electricity, Gas and Water Supply;0
Estonia;Construction;0
Estonia;"Sale, Maintenance and Repair of Motor Vehicles and Motorcycles; Retail Sale of Fuel";0
Estonia;Wholesale Trade and Commission Trade, Except of Motor Vehicles and Motorcycles;0
Estonia;"Retail Trade, Except of Motor Vehicles and Motorcycles; Repair of Household Goods";0
Estonia;Hotels and Restaurants;0
Estonia;Inland Transport;0
Estonia;Water Transport;0
Estonia;Air Transport;0
Estonia;"Other Supporting and Auxiliary Transport Activities; Activities of Travel Agencies";0
Estonia;Post and Telecommunications;0
Estonia;Financial Intermediation;0
Estonia;Real Estate Activities;0
Estonia;Renting of M&Eq and Other Business Activities;0
Estonia;"Public Admin and Defence; Compulsory Social Security";0
Estonia;Education;0
Estonia;Health and Social Work;0
Estonia;Other Community, Social and Personal Services;0
Estonia;Private Households with Employed Persons;0
Finland;Agriculture, Hunting, Forestry and Fishing;0
Finland;Mining and Quarrying;0
Finland;Food, Beverages and Tobacco;0
Finland;Textiles and Textile Products;0
Finland;Leather, Leather and Footwear;0
Finland;Wood and Products of Wood and Cork;0
Finland;Pulp, Paper, Paper , Printing and Publishing;0
Finland;Coke, Refined Petroleum and Nuclear Fuel;0
Finland;Chemicals and Chemical Products;0
Finland;Rubber and Plastics;0
Finland;Other Non-Metallic Mineral;0
Finland;Basic Metals and Fabricated Metal;0
Finland;Machinery, Nec;0
Finland;Electrical and Optical Equipment;0
Finland;Transport Equipment;0
Finland;"Manufacturing, Nec; Recycling";0
Finland;Electricity, Gas and Water Supply;0
Finland;Construction;0
Finland;"Sale, Maintenance and Repair of Motor Vehicles and Motorcycles; Retail Sale of Fuel";0
Finland;Wholesale Trade and Commission Trade, Except of Motor Vehicles and Motorcycles;0
Finland;"Retail Trade, Except of Motor Vehicles and Motorcycles; Repair of Household Goods";0
Finland;Hotels and Restaurants;0
Finland;Inland Transport;0
Finland;Water Transport;0
Finland;Air Transport;0
Finland;"Other Supporting and Auxiliary Transport Activities; Activities of Travel Agencies";0
Finland;Post and Telecommunications;0
Finland;Financial Intermediation;0
Finland;Real Estate Activities;0
Finland;Renting of M&Eq and Other Business Activities;0
Finland;"Public Admin and Defence; Compulsory Social Security";0
Finland;Education;0
Finland;Health and Social Work;0
Finland;Other Community, Social and Personal Services;0
Finland;Private Households with Employed Persons;0
France;Agriculture, Hunting, Forestry and Fishing;0
France;Mining and Quarrying;0
France;Food, Beverages and Tobacco;0
France;Textiles and Textile Products;0
France;Leather, Leather and Footwear;0
France;Wood and Products of Wood and Cork;0
France;Pulp, Paper, Paper , Printing and Publishing;0
France;Coke, Refined Petroleum and Nuclear Fuel;0
France;Chemicals and Chemical Products;0
France;Rubber and Plastics;0
France;Other Non-Metallic Mineral;0
France;Basic Metals and Fabricated Metal;0
France;Machinery, Nec;0
France;Electrical and Optical Equipment;0
France;Transport Equipment;0
France;"Manufacturing, Nec; Recycling";0
France;Electricity, Gas and Water Supply;0
France;Construction;0
France;"Sale, Maintenance and Repair of Motor Vehicles and Motorcycles; Retail Sale of Fuel";0
France;Wholesale Trade and Commission Trade, Except of Motor Vehicles and Motorcycles;0
France;"Retail Trade, Except of Motor Vehicles and Motorcycles; Repair of Household Goods";0
France;Hotels and Restaurants;0
France;Inland Transport;0
France;Water Transport;0
France;Air Transport;0
France;"Other Supporting and Auxiliary Transport Activities; Activities of Travel Agencies";0
France;Post and Telecommunications;0
France;Financial Intermediation;0
France;Real Estate Activities;0
France;Renting of M&Eq and Other Business Activities;0
France;"Public Admin and Defence; Compulsory Social Security";0
France;Education;0
France;Health and Social Work;0
France;Other Community, Social and Personal Services;0
France;Private Households with Employed Persons;0
United Kingdom;Agriculture, Hunting, Forestry and Fishing;0
United Kingdom;Mining and Quarrying;0
United Kingdom;Food, Beverages and Tobacco;0
United Kingdom;Textiles and Textile Products;0
United Kingdom;Leather, Leather and Footwear;0
United Kingdom;Wood and Products of Wood and Cork;0
United Kingdom;Pulp, Paper, Paper , Printing and Publishing;0
United Kingdom;Coke, Refined Petroleum and Nuclear Fuel;0
United Kingdom;Chemicals and Chemical Products;0
United Kingdom;Rubber and Plastics;0
United Kingdom;Other Non-Metallic Mineral;0
United Kingdom;Basic Metals and Fabricated Metal;0
United Kingdom;Machinery, Nec;0
United Kingdom;Electrical and Optical Equipment;0
United Kingdom;Transport Equipment;0
United Kingdom;"Manufacturing, Nec; Recycling";0
United Kingdom;Electricity, Gas and Water Supply;0
United Kingdom;Construction;0
United Kingdom;"Sale, Maintenance and Repair of Motor Vehicles and Motorcycles; Retail Sale of Fuel";0
United Kingdom;Wholesale Trade and Commission Trade, Except of Motor Vehicles and Motorcycles;0
United Kingdom;"Retail Trade, Except of Motor Vehicles and Motorcycles; Repair of Household Goods";0
United Kingdom;Hotels and Restaurants;0
United Kingdom;Inland Transport;0
United Kingdom;Water Transport;0
United Kingdom;Air Transport;0
United Kingdom;"Other Supporting and Auxiliary Transport Activities; Activities of Travel Agencies";0
United Kingdom;Post and Telecommunications;0
United Kingdom;Financial Intermediation;0
United Kingdom;Real Estate Activities;0
United Kingdom;Renting of M&Eq and Other Business Activities;0
United Kingdom;"Public Admin and Defence; Compulsory Social Security";0
United Kingdom;Education;0
United Kingdom;Health and Social Work;0
United Kingdom;Other Community, Social and Personal Services;0
United Kingdom;Private Households with Employed Persons;0
Greece;Agriculture, Hunting, Forestry and Fishing;0
Greece;Mining and Quarrying;0
Greece;Food, Beverages and Tobacco;0
Greece;Textiles and Textile Products;0
Greece;Leather, Leather and Footwear;0
Greece;Wood and Products of Wood and Cork;0
Greece;Pulp, Paper, Paper , Printing and Publishing;0
Greece;Coke, Refined Petroleum and Nuclear Fuel;0
Greece;Chemicals and Chemical Products;0
Greece;Rubber and Plastics;0
Greece;Other Non-Metallic Mineral;0
Greece;Basic Metals and Fabricated Metal;0
Greece;Machinery, Nec;0
Greece;Electrical and Optical Equipment;0
Greece;Transport Equipment;0
Greece;"Manufacturing, Nec; Recycling";0
Greece;Electricity, Gas and Water Supply;0
Greece;Construction;0
Greece;"Sale, Maintenance and Repair of Motor Vehicles and Motorcycles; Retail Sale of Fuel";0
Greece;Wholesale Trade and Commission Trade, Except of Motor Vehicles and Motorcycles;0
Greece;"Retail Trade, Except of Motor Vehicles and Motorcycles; Repair of Household Goods";0
Greece;Hotels and Restaurants;0
Greece;Inland Transport;0
Greece;Water Transport;0
Greece;Air Transport;0
Greece;"Other Supporting and Auxiliary Transport Activities; Activities of Travel Agencies";0
Greece;Post and Telecommunications;0
Greece;Financial Intermediation;0
Greece;Real Estate Activities;0
Greece;Renting of M&Eq and Other Business Activities;0
Greece;"Public Admin and Defence; Compulsory Social Security";0
Greece;Education;0
Greece;Health and Social Work;0
Greece;Other Community, Social and Personal Services;0
Greece;Private Households with Employed Persons;0
Hungary;Agriculture, Hunting, Forestry and Fishing;0
Hungary;Mining and Quarrying;0
Hungary;Food, Beverages and Tobacco;0
Hungary;Textiles and Textile Products;0
Hungary;Leather, Leather and Footwear;0
Hungary;Wood and Products of Wood and Cork;0
Hungary;Pulp, Paper, Paper , Printing and Publishing;0
Hungary;Coke, Refined Petroleum and Nuclear Fuel;0
Hungary;Chemicals and Chemical Products;0
Hungary;Rubber and Plastics;0
Hungary;Other Non-Metallic Mineral;0
Hungary;Basic Metals and Fabricated Metal;0
Hungary;Machinery, Nec;0
Hungary;Electrical and Optical Equipment;0
Hungary;Transport Equipment;0
Hungary;"Manufacturing, Nec; Recycling";0
Hungary;Electricity, Gas and Water Supply;0
Hungary;Construction;0
Hungary;"Sale, Maintenance and Repair of Motor Vehicles and Motorcycles; Retail Sale of Fuel";0
Hungary;Wholesale Trade and Commission Trade, Except of Motor Vehicles and Motorcycles;0
Hungary;"Retail Trade, Except of Motor Vehicles and Motorcycles; Repair of Household Goods";0
Hungary;Hotels and Restaurants;0
Hungary;Inland Transport;0
Hungary;Water Transport;0
Hungary;Air Transport;0
Hungary;"Other Supporting and Auxiliary Transport Activities; Activities of Travel Agencies";0
Hungary;Post and Telecommunications;0
Hungary;Financial Intermediation;0
Hungary;Real Estate Activities;0
Hungary;Renting of M&Eq and Other Business Activities;0
Hungary;"Public Admin and Defence; Compulsory Social Security";0
Hungary;Education;0
Hungary;Health and Social Work;0
Hungary;Other Community, Social and Personal Services;0
Hungary;Private Households with Employed Persons;0
Indonesia;Agriculture, Hunting, Forestry and Fishing;0
Indonesia;Mining and Quarrying;0
Indonesia;Food, Beverages and Tobacco;0
Indonesia;Textiles and Textile Products;0
Indonesia;Leather, Leather and Footwear;0
Indonesia;Wood and Products of Wood and Cork;0
Indonesia;Pulp, Paper, Paper , Printing and Publishing;0
Indonesia;Coke, Refined Petroleum and Nuclear Fuel;0
Indonesia;Chemicals and Chemical Products;0
Indonesia;Rubber and Plastics;0
Indonesia;Other Non-Metallic Mineral;0
Indonesia;Basic Metals and Fabricated Metal;0
Indonesia;Machinery, Nec;0
Indonesia;Electrical and Optical Equipment;0
Indonesia;Transport Equipment;0
Indonesia;"Manufacturing, Nec; Recycling";0
Indonesia;Electricity, Gas and Water Supply;0
Indonesia;Construction;0
Indonesia;"Sale, Maintenance and Repair of Motor Vehicles and Motorcycles; Retail Sale of Fuel";0
Indonesia;Wholesale Trade and Commission Trade, Except of Motor Vehicles and Motorcycles;0
Indonesia;"Retail Trade, Except of Motor Vehicles and Motorcycles; Repair of Household Goods";0
Indonesia;Hotels and Restaurants;0
Indonesia;Inland Transport;0
Indonesia;Water Transport;0
Indonesia;Air Transport;0
Indonesia;"Other Supporting and Auxiliary Transport Activities; Activities of Travel Agencies";0
Indonesia;Post and Telecommunications;0
Indonesia;Financial Intermediation;0
Indonesia;Real Estate Activities;0
Indonesia;Renting of M&Eq and Other Business Activities;0
Indonesia;"Public Admin and Defence; Compulsory Social Security";0
Indonesia;Education;0
Indonesia;Health and Social Work;0
Indonesia;Other Community, Social and Personal Services;0
Indonesia;Private Households with Employed Persons;0
India;Agriculture, Hunting, Forestry and Fishing;0
India;Mining and Quarrying;0
India;Food, Beverages and Tobacco;0
India;Textiles and Textile Products;0
India;Leather, Leather and Footwear;0
India;Wood and Products of Wood and Cork;0
India;Pulp, Paper, Paper , Printing and Publishing;0
India;Coke, Refined Petroleum and Nuclear Fuel;0
India;Chemicals and Chemical Products;0
India;Rubber and Plastics;0
India;Other Non-Metallic Mineral;0
India;Basic Metals and Fabricated Metal;0
India;Machinery, Nec;0
India;Electrical and Optical Equipment;0
India;Transport Equipment;0
India;"Manufacturing, Nec; Recycling";0
India;Electricity, Gas and Water Supply;0
India;Construction;0
India;"Sale, Maintenance and Repair of Motor Vehicles and Motorcycles; Retail Sale of Fuel";0
India;Wholesale Trade and Commission Trade, Except of Motor Vehicles and Motorcycles;0
India;"Retail Trade, Except of Motor Vehicles and Motorcycles; Repair of Household Goods";0
India;Hotels and Restaurants;0
India;Inland Transport;0
India;Water Transport;0
India;Air Transport;0
India;"Other Supporting and Auxiliary Transport Activities; Activities of Travel Agencies";0
India;Post and Telecommunications;0
India;Financial Intermediation;0
India;Real Estate Activities;0
India;Renting of M&Eq and Other Business Activities;0
India;"Public Admin and Defence; Compulsory Social Security";0
India;Education;0
India;Health and Social Work;0
India;Other Community, Social and Personal Services;0
India;Private Households with Employed Persons;0
Ireland;Agriculture, Hunting, Forestry and Fishing;0
Ireland;Mining and Quarrying;0
Ireland;Food, Beverages and Tobacco;0
Ireland;Textiles and Textile Products;0
Ireland;Leather, Leather and Footwear;0
Ireland;Wood and Products of Wood and Cork;0
Ireland;Pulp, Paper, Paper , Printing and Publishing;0
Ireland;Coke, Refined Petroleum and Nuclear Fuel;0
Ireland;Chemicals and Chemical Products;0
Ireland;Rubber and Plastics;0
Ireland;Other Non-Metallic Mineral;0
Ireland;Basic Metals and Fabricated Metal;0
Ireland;Machinery, Nec;0
Ireland;Electrical and Optical Equipment;0
Ireland;Transport Equipment;0
Ireland;"Manufacturing, Nec; Recycling";0
Ireland;Electricity, Gas and Water Supply;0
Ireland;Construction;0
Ireland;"Sale, Maintenance and Repair of Motor Vehicles and Motorcycles; Retail Sale of Fuel";0
Ireland;Wholesale Trade and Commission Trade, Except of Motor Vehicles and Motorcycles;0
Ireland;"Retail Trade, Except of Motor Vehicles and Motorcycles; Repair of Household Goods";0
Ireland;Hotels and Restaurants;0
Ireland;Inland Transport;0
Ireland;Water Transport;0
Ireland;Air Transport;0
Ireland;"Other Supporting and Auxiliary Transport Activities; Activities of Travel Agencies";0
Ireland;Post and Telecommunications;0
Ireland;Financial Intermediation;0
Ireland;Real Estate Activities;0
Ireland;Renting of M&Eq and Other Business Activities;0
Ireland;"Public Admin and Defence; Compulsory Social Security";0
Ireland;Education;0
Ireland;Health and Social Work;0
Ireland;Other Community, Social and Personal Services;0
Ireland;Private Households with Employed Persons;0
Italy;Agriculture, Hunting, Forestry and Fishing;0
Italy;Mining and Quarrying;0
Italy;Food, Beverages and Tobacco;0
Italy;Textiles and Textile Products;0
Italy;Leather, Leather and Footwear;0
Italy;Wood and Products of Wood and Cork;0
Italy;Pulp, Paper, Paper , Printing and Publishing;0
Italy;Coke, Refined Petroleum and Nuclear Fuel;0
Italy;Chemicals and Chemical Products;0
Italy;Rubber and Plastics;0
Italy;Other Non-Metallic Mineral;0
Italy;Basic Metals and Fabricated Metal;0
Italy;Machinery, Nec;0
Italy;Electrical and Optical Equipment;0
Italy;Transport Equipment;0
Italy;"Manufacturing, Nec; Recycling";0
Italy;Electricity, Gas and Water Supply;0
Italy;Construction;0
Italy;"Sale, Maintenance and Repair of Motor Vehicles and Motorcycles; Retail Sale of Fuel";0
Italy;Wholesale Trade and Commission Trade, Except of Motor Vehicles and Motorcycles;0
Italy;"Retail Trade, Except of Motor Vehicles and Motorcycles; Repair of Household Goods";0
Italy;Hotels and Restaurants;0
Italy;Inland Transport;0
Italy;Water Transport;0
Italy;Air Transport;0
Italy;"Other Supporting and Auxiliary Transport Activities; Activities of Travel Agencies";0
Italy;Post and Telecommunications;0
Italy;Financial Intermediation;0
Italy;Real Estate Activities;0
Italy;Renting of M&Eq and Other Business Activities;0
Italy;"Public Admin and Defence; Compulsory Social Security";0
Italy;Education;0
Italy;Health and Social Work;0
Italy;Other Community, Social and Personal Services;0
Italy;Private Households with Employed Persons;0
Japan;Agriculture, Hunting, Forestry and Fishing;0
Japan;Mining and Quarrying;0
Japan;Food, Beverages and Tobacco;0
Japan;Textiles and Textile Products;0
Japan;Leather, Leather and Footwear;0
Japan;Wood and Products of Wood and Cork;0
Japan;Pulp, Paper, Paper , Printing and Publishing;0
Japan;Coke, Refined Petroleum and Nuclear Fuel;0
Japan;Chemicals and Chemical Products;0
Japan;Rubber and Plastics;0
Japan;Other Non-Metallic Mineral;0
Japan;Basic Metals and Fabricated Metal;0
Japan;Machinery, Nec;0
Japan;Electrical and Optical Equipment;0
Japan;Transport Equipment;0
Japan;"Manufacturing, Nec; Recycling";0
Japan;Electricity, Gas and Water Supply;0
Japan;Construction;0
Japan;"Sale, Maintenance and Repair of Motor Vehicles and Motorcycles; Retail Sale of Fuel";0
Japan;Wholesale Trade and Commission Trade, Except of Motor Vehicles and Motorcycles;0
Japan;"Retail Trade, Except of Motor Vehicles and Motorcycles; Repair of Household Goods";0
Japan;Hotels and Restaurants;0
Japan;Inland Transport;0
Japan;Water Transport;0
Japan;Air Transport;0
Japan;"Other Supporting and Auxiliary Transport Activities; Activities of Travel Agencies";0
Japan;Post and Telecommunications;0
Japan;Financial Intermediation;0
Japan;Real Estate Activities;0
Japan;Renting of M&Eq and Other Business Activities;0
Japan;"Public Admin and Defence; Compulsory Social Security";0
Japan;Education;0
Japan;Health and Social Work;0
Japan;Other Community, Social and Personal Services;0
Japan;Private Households with Employed Persons;0
South Korea;Agriculture, Hunting, Forestry and Fishing;0
South Korea;Mining and Quarrying;0
South Korea;Food, Beverages and Tobacco;0
South Korea;Textiles and Textile Products;0
South Korea;Leather, Leather and Footwear;0
South Korea;Wood and Products of Wood and Cork;0
South Korea;Pulp, Paper, Paper , Printing and Publishing;0
South Korea;Coke, Refined Petroleum and Nuclear Fuel;0
South Korea;Chemicals and Chemical Products;0
South Korea;Rubber and Plastics;0
South Korea;Other Non-Metallic Mineral;0
South Korea;Basic Metals and Fabricated Metal;0
South Korea;Machinery, Nec;0
South Korea;Electrical and Optical Equipment;0
South Korea;Transport Equipment;0
South Korea;"Manufacturing, Nec; Recycling";0
South Korea;Electricity, Gas and Water Supply;0
South Korea;Construction;0
South Korea;"Sale, Maintenance and Repair of Motor Vehicles and Motorcycles; Retail Sale of Fuel";0
South Korea;Wholesale Trade and Commission Trade, Except of Motor Vehicles and Motorcycles;0
South Korea;"Retail Trade, Except of Motor Vehicles and Motorcycles; Repair of Household Goods";0
South Korea;Hotels and Restaurants;0
South Korea;Inland Transport;0
South Korea;Water Transport;0
South Korea;Air Transport;0
South Korea;"Other Supporting and Auxiliary Transport Activities; Activities of Travel Agencies";0
South Korea;Post and Telecommunications;0
South Korea;Financial Intermediation;0
South Korea;Real Estate Activities;0
South Korea;Renting of M&Eq and Other Business Activities;0
South Korea;"Public Admin and Defence; Compulsory Social Security";0
South Korea;Education;0
South Korea;Health and Social Work;0
South Korea;Other Community, Social and Personal Services;0
South Korea;Private Households with Employed Persons;0
Lithuania;Agriculture, Hunting, Forestry and Fishing;0
Lithuania;Mining and Quarrying;0
Lithuania;Food, Beverages and Tobacco;0
Lithuania;Textiles and Textile Products;0
Lithuania;Leather, Leather and Footwear;0
Lithuania;Wood and Products of Wood and Cork;0
Lithuania;Pulp, Paper, Paper , Printing and Publishing;0
Lithuania;Coke, Refined Petroleum and Nuclear Fuel;0
Lithuania;Chemicals and Chemical Products;0
Lithuania;Rubber and Plastics;0
Lithuania;Other Non-Metallic Mineral;0
Lithuania;Basic Metals and Fabricated Metal;0
Lithuania;Machinery, Nec;0
Lithuania;Electrical and Optical Equipment;0
Lithuania;Transport Equipment;0
Lithuania;"Manufacturing, Nec; Recycling";0
Lithuania;Electricity, Gas and Water Supply;0
Lithuania;Construction;0
Lithuania;"Sale, Maintenance and Repair of Motor Vehicles and Motorcycles; Retail Sale of Fuel";0
Lithuania;Wholesale Trade and Commission Trade, Except of Motor Vehicles and Motorcycles;0
Lithuania;"Retail Trade, Except of Motor Vehicles and Motorcycles; Repair of Household Goods";0
Lithuania;Hotels and Restaurants;0
Lithuania;Inland Transport;0
Lithuania;Water Transport;0
Lithuania;Air Transport;0
Lithuania;"Other Supporting and Auxiliary Transport Activities; Activities of Travel Agencies";0
Lithuania;Post and Telecommunications;0
Lithuania;Financial Intermediation;0
Lithuania;Real Estate Activities;0
Lithuania;Renting of M&Eq and Other Business Activities;0
Lithuania;"Public Admin and Defence; Compulsory Social Security";0
Lithuania;Education;0
Lithuania;Health and Social Work;0
Lithuania;Other Community, Social and Personal Services;0
Lithuania;Private Households with Employed Persons;0
Luxembourg;Agriculture, Hunting, Forestry and Fishing;0
Luxembourg;Mining and Quarrying;0
Luxembourg;Food, Beverages and Tobacco;0
Luxembourg;Textiles and Textile Products;0
Luxembourg;Leather, Leather and Footwear;0
Luxembourg;Wood and Products of Wood and Cork;0
Luxembourg;Pulp, Paper, Paper , Printing and Publishing;0
Luxembourg;Coke, Refined Petroleum and Nuclear Fuel;0
Luxembourg;Chemicals and Chemical Products;0
Luxembourg;Rubber and Plastics;0
Luxembourg;Other Non-Metallic Mineral;0
Luxembourg;Basic Metals and Fabricated Metal;0
Luxembourg;Machinery, Nec;0
Luxembourg;Electrical and Optical Equipment;0
Luxembourg;Transport Equipment;0
Luxembourg;"Manufacturing, Nec; Recycling";0
Luxembourg;Electricity, Gas and Water Supply;0
Luxembourg;Construction;0
Luxembourg;"Sale, Maintenance and Repair of Motor Vehicles and Motorcycles; Retail Sale of Fuel";0
Luxembourg;Wholesale Trade and Commission Trade, Except of Motor Vehicles and Motorcycles;0
Luxembourg;"Retail Trade, Except of Motor Vehicles and Motorcycles; Repair of Household Goods";0
Luxembourg;Hotels and Restaurants;0
Luxembourg;Inland Transport;0
Luxembourg;Water Transport;0
Luxembourg;Air Transport;0
Luxembourg;"Other Supporting and Auxiliary Transport Activities; Activities of Travel Agencies";0
Luxembourg;Post and Telecommunications;0
Luxembourg;Financial Intermediation;0
Luxembourg;Real Estate Activities;0
Luxembourg;Renting of M&Eq and Other Business Activities;0
Luxembourg;"Public Admin and Defence; Compulsory Social Security";0
Luxembourg;Education;0
Luxembourg;Health and Social Work;0
Luxembourg;Other Community, Social and Personal Services;0
Luxembourg;Private Households with Employed Persons;0
Latvia;Agriculture, Hunting, Forestry and Fishing;0
Latvia;Mining and Quarrying;0
Latvia;Food, Beverages and Tobacco;0
Latvia;Textiles and Textile Products;0
Latvia;Leather, Leather and Footwear;0
Latvia;Wood and Products of Wood and Cork;0
Latvia;Pulp, Paper, Paper , Printing and Publishing;0
Latvia;Coke, Refined Petroleum and Nuclear Fuel;0
Latvia;Chemicals and Chemical Products;0
Latvia;Rubber and Plastics;0
Latvia;Other Non-Metallic Mineral;0
Latvia;Basic Metals and Fabricated Metal;0
Latvia;Machinery, Nec;0
Latvia;Electrical and Optical Equipment;0
Latvia;Transport Equipment;0
Latvia;"Manufacturing, Nec; Recycling";0
Latvia;Electricity, Gas and Water Supply;0
Latvia;Construction;0
Latvia;"Sale, Maintenance and Repair of Motor Vehicles and Motorcycles; Retail Sale of Fuel";0
Latvia;Wholesale Trade and Commission Trade, Except of Motor Vehicles and Motorcycles;0
Latvia;"Retail Trade, Except of Motor Vehicles and Motorcycles; Repair of Household Goods";0
Latvia;Hotels and Restaurants;0
Latvia;Inland Transport;0
Latvia;Water Transport;0
Latvia;Air Transport;0
Latvia;"Other Supporting and Auxiliary Transport Activities; Activities of Travel Agencies";0
Latvia;Post and Telecommunications;0
Latvia;Financial Intermediation;0
Latvia;Real Estate Activities;0
Latvia;Renting of M&Eq and Other Business Activities;0
Latvia;"Public Admin and Defence; Compulsory Social Security";0
Latvia;Education;0
Latvia;Health and Social Work;0
Latvia;Other Community, Social and Personal Services;0
Latvia;Private Households with Employed Persons;0
Mexico;Agriculture, Hunting, Forestry and Fishing;0
Mexico;Mining and Quarrying;0
Mexico;Food, Beverages and Tobacco;0
Mexico;Textiles and Textile Products;0
Mexico;Leather, Leather and Footwear;0
Mexico;Wood and Products of Wood and Cork;0
Mexico;Pulp, Paper, Paper , Printing and Publishing;0
Mexico;Coke, Refined Petroleum and Nuclear Fuel;0
Mexico;Chemicals and Chemical Products;0
Mexico;Rubber and Plastics;0
Mexico;Other Non-Metallic Mineral;0
Mexico;Basic Metals and Fabricated Metal;0
Mexico;Machinery, Nec;0
Mexico;Electrical and Optical Equipment;0
Mexico;Transport Equipment;0
Mexico;"Manufacturing, Nec; Recycling";0
Mexico;Electricity, Gas and Water Supply;0
Mexico;Construction;0
Mexico;"Sale, Maintenance and Repair of Motor Vehicles and Motorcycles; Retail Sale of Fuel";0
Mexico;Wholesale Trade and Commission Trade, Except of Motor Vehicles and Motorcycles;0
Mexico;"Retail Trade, Except of Motor Vehicles and Motorcycles; Repair of Household Goods";0
Mexico;Hotels and Restaurants;0
Mexico;Inland Transport;0
Mexico;Water Transport;0
Mexico;Air Transport;0
Mexico;"Other Supporting and Auxiliary Transport Activities; Activities of Travel Agencies";0
Mexico;Post and Telecommunications;0
Mexico;Financial Intermediation;0
Mexico;Real Estate Activities;0
Mexico;Renting of M&Eq and Other Business Activities;0
Mexico;"Public Admin and Defence; Compulsory Social Security";0
Mexico;Education;0
Mexico;Health and Social Work;0
Mexico;Other Community, Social and Personal Services;0
Mexico;Private Households with Employed Persons;0
Malta;Agriculture, Hunting, Forestry and Fishing;0
Malta;Mining and Quarrying;0
Malta;Food, Beverages and Tobacco;0
Malta;Textiles and Textile Products;0
Malta;Leather, Leather and Footwear;0
Malta;Wood and Products of Wood and Cork;0
Malta;Pulp, Paper, Paper , Printing and Publishing;0
Malta;Coke, Refined Petroleum and Nuclear Fuel;0
Malta;Chemicals and Chemical Products;0
Malta;Rubber and Plastics;0
Malta;Other Non-Metallic Mineral;0
Malta;Basic Metals and Fabricated Metal;0
Malta;Machinery, Nec;0
Malta;Electrical and Optical Equipment;0
Malta;Transport Equipment;0
Malta;"Manufacturing, Nec; Recycling";0
Malta;Electricity, Gas and Water Supply;0
Malta;Construction;0
Malta;"Sale, Maintenance and Repair of Motor Vehicles and Motorcycles; Retail Sale of Fuel";0
Malta;Wholesale Trade and Commission Trade, Except of Motor Vehicles and Motorcycles;0
Malta;"Retail Trade, Except of Motor Vehicles and Motorcycles; Repair of Household Goods";0
Malta;Hotels and Restaurants;0
Malta;Inland Transport;0
Malta;Water Transport;0
Malta;Air Transport;0
Malta;"Other Supporting and Auxiliary Transport Activities; Activities of Travel Agencies";0
Malta;Post and Telecommunications;0
Malta;Financial Intermediation;0
Malta;Real Estate Activities;0
Malta;Renting of M&Eq and Other Business Activities;0
Malta;"Public Admin and Defence; Compulsory Social Security";0
Malta;Education;0
Malta;Health and Social Work;0
Malta;Other Community, Social and Personal Services;0
Malta;Private Households with Employed Persons;0
Netherlands;Agriculture, Hunting, Forestry and Fishing;0
Netherlands;Mining and Quarrying;0
Netherlands;Food, Beverages and Tobacco;0
Netherlands;Textiles and Textile Products;0
Netherlands;Leather, Leather and Footwear;0
Netherlands;Wood and Products of Wood and Cork;0
Netherlands;Pulp, Paper, Paper , Printing and Publishing;0
Netherlands;Coke, Refined Petroleum and Nuclear Fuel;0
Netherlands;Chemicals and Chemical Products;0
Netherlands;Rubber and Plastics;0
Netherlands;Other Non-Metallic Mineral;0
Netherlands;Basic Metals and Fabricated Metal;0
Netherlands;Machinery, Nec;0
Netherlands;Electrical and Optical Equipment;0
Netherlands;Transport Equipment;0
Netherlands;"Manufacturing, Nec; Recycling";0
Netherlands;Electricity, Gas and Water Supply;0
Netherlands;Construction;0
Netherlands;"Sale, Maintenance and Repair of Motor Vehicles and Motorcycles; Retail Sale of Fuel";0
Netherlands;Wholesale Trade and Commission Trade, Except of Motor Vehicles and Motorcycles;0
Netherlands;"Retail Trade, Except of Motor Vehicles and Motorcycles; Repair of Household Goods";0
Netherlands;Hotels and Restaurants;0
Netherlands;Inland Transport;0
Netherlands;Water Transport;0
Netherlands;Air Transport;0
Netherlands;"Other Supporting and Auxiliary Transport Activities; Activities of Travel Agencies";0
Netherlands;Post and Telecommunications;0
Netherlands;Financial Intermediation;0
Netherlands;Real Estate Activities;0
Netherlands;Renting of M&Eq and Other Business Activities;0
Netherlands;"Public Admin and Defence; Compulsory Social Security";0
Netherlands;Education;0
Netherlands;Health and Social Work;0
Netherlands;Other Community, Social and Personal Services;0
Netherlands;Private Households with Employed Persons;0
Poland;Agriculture, Hunting, Forestry and Fishing;0
Poland;Mining and Quarrying;0
Poland;Food, Beverages and Tobacco;0
Poland;Textiles and Textile Products;0
Poland;Leather, Leather and Footwear;0
Poland;Wood and Products of Wood and Cork;0
Poland;Pulp, Paper, Paper , Printing and Publishing;0
Poland;Coke, Refined Petroleum and Nuclear Fuel;0
Poland;Chemicals and Chemical Products;0
Poland;Rubber and Plastics;0
Poland;Other Non-Metallic Mineral;0
Poland;Basic Metals and Fabricated Metal;0
Poland;Machinery, Nec;0
Poland;Electrical and Optical Equipment;0
Poland;Transport Equipment;0
Poland;"Manufacturing, Nec; Recycling";0
Poland;Electricity, Gas and Water Supply;0
Poland;Construction;0
Poland;"Sale, Maintenance and Repair of Motor Vehicles and Motorcycles; Retail Sale of Fuel";0
Poland;Wholesale Trade and Commission Trade, Except of Motor Vehicles and Motorcycles;0
Poland;"Retail Trade, Except of Motor Vehicles and Motorcycles; Repair of Household Goods";0
Poland;Hotels and Restaurants;0
Poland;Inland Transport;0
Poland;Water Transport;0
Poland;Air Transport;0
Poland;"Other Supporting and Auxiliary Transport Activities; Activities of Travel Agencies";0
Poland;Post and Telecommunications;0
Poland;Financial Intermediation;0
Poland;Real Estate Activities;0
Poland;Renting of M&Eq and Other Business Activities;0
Poland;"Public Admin and Defence; Compulsory Social Security";0
Poland;Education;0
Poland;Health and Social Work;0
Poland;Other Community, Social and Personal Services;0
Poland;Private Households with Employed Persons;0
Portugal;Agriculture, Hunting, Forestry and Fishing;0
Portugal;Mining and Quarrying;0
Portugal;Food, Beverages and Tobacco;0
Portugal;Textiles and Textile Products;0
Portugal;Leather, Leather and Footwear;0
Portugal;Wood and Products of Wood and Cork;0
Portugal;Pulp, Paper, Paper , Printing and Publishing;0
Portugal;Coke, Refined Petroleum and Nuclear Fuel;0
Portugal;Chemicals and Chemical Products;0
Portugal;Rubber and Plastics;0
Portugal;Other Non-Metallic Mineral;0
Portugal;Basic Metals and Fabricated Metal;0
Portugal;Machinery, Nec;0
Portugal;Electrical and Optical Equipment;0
Portugal;Transport Equipment;0
Portugal;"Manufacturing, Nec; Recycling";0
Portugal;Electricity, Gas and Water Supply;0
Portugal;Construction;0
Portugal;"Sale, Maintenance and Repair of Motor Vehicles and Motorcycles; Retail Sale of Fuel";0
Portugal;Wholesale Trade and Commission Trade, Except of Motor Vehicles and Motorcycles;0
Portugal;"Retail Trade, Except of Motor Vehicles and Motorcycles; Repair of Household Goods";0
Portugal;Hotels and Restaurants;0
Portugal;Inland Transport;0
Portugal;Water Transport;0
Portugal;Air Transport;0
Portugal;"Other Supporting and Auxiliary Transport Activities; Activities of Travel Agencies";0
Portugal;Post and Telecommunications;0
Portugal;Financial Intermediation;0
Portugal;Real Estate Activities;0
Portugal;Renting of M&Eq and Other Business Activities;0
Portugal;"Public Admin and Defence; Compulsory Social Security";0
Portugal;Education;0
Portugal;Health and Social Work;0
Portugal;Other Community, Social and Personal Services;0
Portugal;Private Households with Employed Persons;0
Romania;Agriculture, Hunting, Forestry and Fishing;0
Romania;Mining and Quarrying;0
Romania;Food, Beverages and Tobacco;0
Romania;Textiles and Textile Products;0
Romania;Leather, Leather and Footwear;0
Romania;Wood and Products of Wood and Cork;0
Romania;Pulp, Paper, Paper , Printing and Publishing;0
Romania;Coke, Refined Petroleum and Nuclear Fuel;0
Romania;Chemicals and Chemical Products;0
Romania;Rubber and Plastics;0
Romania;Other Non-Metallic Mineral;0
Romania;Basic Metals and Fabricated Metal;0
Romania;Machinery, Nec;0
Romania;Electrical and Optical Equipment;0
Romania;Transport Equipment;0
Romania;"Manufacturing, Nec; Recycling";0
Romania;Electricity, Gas and Water Supply;0
Romania;Construction;0
Romania;"Sale, Maintenance and Repair of Motor Vehicles and Motorcycles; Retail Sale of Fuel";0
Romania;Wholesale Trade and Commission Trade, Except of Motor Vehicles and Motorcycles;0
Romania;"Retail Trade, Except of Motor Vehicles and Motorcycles; Repair of Household Goods";0
Romania;Hotels and Restaurants;0
Romania;Inland Transport;0
Romania;Water Transport;0
Romania;Air Transport;0
Romania;"Other Supporting and Auxiliary Transport Activities; Activities of Travel Agencies";0
Romania;Post and Telecommunications;0
Romania;Financial Intermediation;0
Romania;Real Estate Activities;0
Romania;Renting of M&Eq and Other Business Activities;0
Romania;"Public Admin and Defence; Compulsory Social Security";0
Romania;Education;0
Romania;Health and Social Work;0
Romania;Other Community, Social and Personal Services;0
Romania;Private Households with Employed Persons;0
Russia;Agriculture, Hunting, Forestry and Fishing;0
Russia;Mining and Quarrying;0
Russia;Food, Beverages and Tobacco;0
Russia;Textiles and Textile Products;0
Russia;Leather, Leather and Footwear;0
Russia;Wood and Products of Wood and Cork;0
Russia;Pulp, Paper, Paper , Printing and Publishing;0
Russia;Coke, Refined Petroleum and Nuclear Fuel;0
Russia;Chemicals and Chemical Products;0
Russia;Rubber and Plastics;0
Russia;Other Non-Metallic Mineral;0
Russia;Basic Metals and Fabricated Metal;0
Russia;Machinery, Nec;0
Russia;Electrical and Optical Equipment;0
Russia;Transport Equipment;0
Russia;"Manufacturing, Nec; Recycling";0
Russia;Electricity, Gas and Water Supply;0
Russia;Construction;0
Russia;"Sale, Maintenance and Repair of Motor Vehicles and Motorcycles; Retail Sale of Fuel";0
Russia;Wholesale Trade and Commission Trade, Except of Motor Vehicles and Motorcycles;0
Russia;"Retail Trade, Except of Motor Vehicles and Motorcycles; Repair of Household Goods";0
Russia;Hotels and Restaurants;0
Russia;Inland Transport;0
Russia;Water Transport;0
Russia;Air Transport;0
Russia;"Other Supporting and Auxiliary Transport Activities; Activities of Travel Agencies";0
Russia;Post and Telecommunications;0
Russia;Financial Intermediation;0
Russia;Real Estate Activities;0
Russia;Renting of M&Eq and Other Business Activities;0
Russia;"Public Admin and Defence; Compulsory Social Security";0
Russia;Education;0
Russia;Health and Social Work;0
Russia;Other Community, Social and Personal Services;0
Russia;Private Households with Employed Persons;0
Slovakia;Agriculture, Hunting, Forestry and Fishing;0
Slovakia;Mining and Quarrying;0
Slovakia;Food, Beverages and Tobacco;0
Slovakia;Textiles and Textile Products;0
Slovakia;Leather, Leather and Footwear;0
Slovakia;Wood and Products of Wood and Cork;0
Slovakia;Pulp, Paper, Paper , Printing and Publishing;0
Slovakia;Coke, Refined Petroleum and Nuclear Fuel;0
Slovakia;Chemicals and Chemical Products;0
Slovakia;Rubber and Plastics;0
Slovakia;Other Non-Metallic Mineral;0
Slovakia;Basic Metals and Fabricated Metal;0
Slovakia;Machinery, Nec;0
Slovakia;Electrical and Optical Equipment;0
Slovakia;Transport Equipment;0
Slovakia;"Manufacturing, Nec; Recycling";0
Slovakia;Electricity, Gas and Water Supply;0
Slovakia;Construction;0
Slovakia;"Sale, Maintenance and Repair of Motor Vehicles and Motorcycles; Retail Sale of Fuel";0
Slovakia;Wholesale Trade and Commission Trade, Except of Motor Vehicles and Motorcycles;0
Slovakia;"Retail Trade, Except of Motor Vehicles and Motorcycles; Repair of Household Goods";0
Slovakia;Hotels and Restaurants;0
Slovakia;Inland Transport;0
Slovakia;Water Transport;0
Slovakia;Air Transport;0
Slovakia;"Other Supporting and Auxiliary Transport Activities; Activities of Travel Agencies";0
Slovakia;Post and Telecommunications;0
Slovakia;Financial Intermediation;0
Slovakia;Real Estate Activities;0
Slovakia;Renting of M&Eq and Other Business Activities;0
Slovakia;"Public Admin and Defence; Compulsory Social Security";0
Slovakia;Education;0
Slovakia;Health and Social Work;0
Slovakia;Other Community, Social and Personal Services;0
Slovakia;Private Households with Employed Persons;0
Slovenia;Agriculture, Hunting, Forestry and Fishing;0
Slovenia;Mining and Quarrying;0
Slovenia;Food, Beverages and Tobacco;0
Slovenia;Textiles and Textile Products;0
Slovenia;Leather, Leather and Footwear;0
Slovenia;Wood and Products of Wood and Cork;0
Slovenia;Pulp, Paper, Paper , Printing and Publishing;0
Slovenia;Coke, Refined Petroleum and Nuclear Fuel;0
Slovenia;Chemicals and Chemical Products;0
Slovenia;Rubber and Plastics;0
Slovenia;Other Non-Metallic Mineral;0
Slovenia;Basic Metals and Fabricated Metal;0
Slovenia;Machinery, Nec;0
Slovenia;Electrical and Optical Equipment;0
Slovenia;Transport Equipment;0
Slovenia;"Manufacturing, Nec; Recycling";0
Slovenia;Electricity, Gas and Water Supply;0
Slovenia;Construction;0
Slovenia;"Sale, Maintenance and Repair of Motor Vehicles and Motorcycles; Retail Sale of Fuel";0
Slovenia;Wholesale Trade and Commission Trade, Except of Motor Vehicles and Motorcycles;0
Slovenia;"Retail Trade, Except of Motor Vehicles and Motorcycles; Repair of Household Goods";0
Slovenia;Hotels and Restaurants;0
Slovenia;Inland Transport;0
Slovenia;Water Transport;0
Slovenia;Air Transport;0
Slovenia;"Other Supporting and Auxiliary Transport Activities; Activities of Travel Agencies";0
Slovenia;Post and Telecommunications;0
Slovenia;Financial Intermediation;0
Slovenia;Real Estate Activities;0
Slovenia;Renting of M&Eq and Other Business Activities;0
Slovenia;"Public Admin and Defence; Compulsory Social Security";0
Slovenia;Education;0
Slovenia;Health and Social Work;0
Slovenia;Other Community, Social and Personal Services;0
Slovenia;Private Households with Employed Persons;0
Sweden;Agriculture, Hunting, Forestry and Fishing;0
Sweden;Mining and Quarrying;0
Sweden;Food, Beverages and Tobacco;0
Sweden;Textiles and Textile Products;0
Sweden;Leather, Leather and Footwear;0
Sweden;Wood and Products of Wood and Cork;0
Sweden;Pulp, Paper, Paper , Printing and Publishing;0
Sweden;Coke, Refined Petroleum and Nuclear Fuel;0
Sweden;Chemicals and Chemical Products;0
Sweden;Rubber and Plastics;0
Sweden;Other Non-Metallic Mineral;0
Sweden;Basic Metals and Fabricated Metal;0
Sweden;Machinery, Nec;0
Sweden;Electrical and Optical Equipment;0
Sweden;Transport Equipment;0
Sweden;"Manufacturing, Nec; Recycling";0
Sweden;Electricity, Gas and Water Supply;0
Sweden;Construction;0
Sweden;"Sale, Maintenance and Repair of Motor Vehicles and Motorcycles; Retail Sale of Fuel";0
Sweden;Wholesale Trade and Commission Trade, Except of Motor Vehicles and Motorcycles;0
Sweden;"Retail Trade, Except of Motor Vehicles and Motorcycles; Repair of Household Goods";0
Sweden;Hotels and Restaurants;0
Sweden;Inland Transport;0
Sweden;Water Transport;0
Sweden;Air Transport;0
Sweden;"Other Supporting and Auxiliary Transport Activities; Activities of Travel Agencies";0
Sweden;Post and Telecommunications;0
Sweden;Financial Intermediation;0
Sweden;Real Estate Activities;0
Sweden;Renting of M&Eq and Other Business Activities;0
Sweden;"Public Admin and Defence; Compulsory Social Security";0
Sweden;Education;0
Sweden;Health and Social Work;0
Sweden;Other Community, Social and Personal Services;0
Sweden;Private Households with Employed Persons;0
Turkey;Agriculture, Hunting, Forestry and Fishing;0
Turkey;Mining and Quarrying;0
Turkey;Food, Beverages and Tobacco;0
Turkey;Textiles and Textile Products;0
Turkey;Leather, Leather and Footwear;0
Turkey;Wood and Products of Wood and Cork;0
Turkey;Pulp, Paper, Paper , Printing and Publishing;0
Turkey;Coke, Refined Petroleum and Nuclear Fuel;0
Turkey;Chemicals and Chemical Products;0
Turkey;Rubber and Plastics;0
Turkey;Other Non-Metallic Mineral;0
Turkey;Basic Metals and Fabricated Metal;0
Turkey;Machinery, Nec;0
Turkey;Electrical and Optical Equipment;0
Turkey;Transport Equipment;0
Turkey;"Manufacturing, Nec; Recycling";0
Turkey;Electricity, Gas and Water Supply;0
Turkey;Construction;0
Turkey;"Sale, Maintenance and Repair of Motor Vehicles and Motorcycles; Retail Sale of Fuel";0
Turkey;Wholesale Trade and Commission Trade, Except of Motor Vehicles and Motorcycles;0
Turkey;"Retail Trade, Except of Motor Vehicles and Motorcycles; Repair of Household Goods";0
Turkey;Hotels and Restaurants;0
Turkey;Inland Transport;0
Turkey;Water Transport;0
Turkey;Air Transport;0
Turkey;"Other Supporting and Auxiliary Transport Activities; Activities of Travel Agencies";0
Turkey;Post and Telecommunications;0
Turkey;Financial Intermediation;0
Turkey;Real Estate Activities;0
Turkey;Renting of M&Eq and Other Business Activities;0
Turkey;"Public Admin and Defence; Compulsory Social Security";0
Turkey;Education;0
Turkey;Health and Social Work;0
Turkey;Other Community, Social and Personal Services;0
Turkey;Private Households with Employed Persons;0
Taiwan;Agriculture, Hunting, Forestry and Fishing;0
Taiwan;Mining and Quarrying;0
Taiwan;Food, Beverages and Tobacco;0
Taiwan;Textiles and Textile Products;0
Taiwan;Leather, Leather and Footwear;0
Taiwan;Wood and Products of Wood and Cork;0
Taiwan;Pulp, Paper, Paper , Printing and Publishing;0
Taiwan;Coke, Refined Petroleum and Nuclear Fuel;0
Taiwan;Chemicals and Chemical Products;0
Taiwan;Rubber and Plastics;0
Taiwan;Other Non-Metallic Mineral;0
Taiwan;Basic Metals and Fabricated Metal;0
Taiwan;Machinery, Nec;0
Taiwan;Electrical and Optical Equipment;0
Taiwan;Transport Equipment;0
Taiwan;"Manufacturing, Nec; Recycling";0
Taiwan;Electricity, Gas and Water Supply;0
Taiwan;Construction;0
Taiwan;"Sale, Maintenance and Repair of Motor Vehicles and Motorcycles; Retail Sale of Fuel";0
Taiwan;Wholesale Trade and Commission Trade, Except of Motor Vehicles and Motorcycles;0
Taiwan;"Retail Trade, Except of Motor Vehicles and Motorcycles; Repair of Household Goods";0
Taiwan;Hotels and Restaurants;0
Taiwan;Inland Transport;0
Taiwan;Water Transport;0
Taiwan;Air Transport;0
Taiwan;"Other Supporting and Auxiliary Transport Activities; Activities of Travel Agencies";0
Taiwan;Post and Telecommunications;0
Taiwan;Financial Intermediation;0
Taiwan;Real Estate Activities;0
Taiwan;Renting of M&Eq and Other Business Activities;0
Taiwan;"Public Admin and Defence; Compulsory Social Security";0
Taiwan;Education;0
Taiwan;Health and Social Work;0
Taiwan;Other Community, Social and Personal Services;0
Taiwan;Private Households with Employed Persons;0
United States;Agriculture, Hunting, Forestry and Fishing;0
United States;Mining and Quarrying;0
United States;Food, Beverages and Tobacco;0
United States;Textiles and Textile Products;0
United States;Leather, Leather and Footwear;0
United States;Wood and Products of Wood and Cork;0
United States;Pulp, Paper, Paper , Printing and Publishing;0
United States;Coke, Refined Petroleum and Nuclear Fuel;0
United States;Chemicals and Chemical Products;0
United States;Rubber and Plastics;0
United States;Other Non-Metallic Mineral;0
United States;Basic Metals and Fabricated Metal;0
United States;Machinery, Nec;0
United States;Electrical and Optical Equipment;0
United States;Transport Equipment;0
United States;"Manufacturing, Nec; Recycling";0
United States;Electricity, Gas and Water Supply;0
United States;Construction;0
United States;"Sale, Maintenance and Repair of Motor Vehicles and Motorcycles; Retail Sale of Fuel";0
United States;Wholesale Trade and Commission Trade, Except of Motor Vehicles and Motorcycles;0
United States;"Retail Trade, Except of Motor Vehicles and Motorcycles; Repair of Household Goods";0
United States;Hotels and Restaurants;0
United States;Inland Transport;0
United States;Water Transport;0
United States;Air Transport;0
United States;"Other Supporting and Auxiliary Transport Activities; Activities of Travel Agencies";0
United States;Post and Telecommunications;0
United States;Financial Intermediation;0
United States;Real Estate Activities;0
United States;Renting of M&Eq and Other Business Activities;0
United States;"Public Admin and Defence; Compulsory Social Security";0
United States;Education;0
United States;Health and Social Work;0
United States;Other Community, Social and Personal Services;0
United States;Private Households with Employed Persons;0
Rest of World;Agriculture, Hunting, Forestry and Fishing;0
Rest of World;Mining and Quarrying;0
Rest of World;Food, Beverages and Tobacco;0
Rest of World;Textiles and Textile Products;0
Rest of World;Leather, Leather and Footwear;0
Rest of World;Wood and Products of Wood and Cork;0
Rest of World;Pulp, Paper, Paper , Printing and Publishing;0
Rest of World;Coke, Refined Petroleum and Nuclear Fuel;0
Rest of World;Chemicals and Chemical Products;0
Rest of World;Rubber and Plastics;0
Rest of World;Other Non-Metallic Mineral;0
Rest of World;Basic Metals and Fabricated Metal;0
Rest of World;Machinery, Nec;0
Rest of World;Electrical and Optical Equipment;0
Rest of World;Transport Equipment;0
Rest of World;"Manufacturing, Nec; Recycling";0
Rest of World;Electricity, Gas and Water Supply;0
Rest of World;Construction;0
Rest of World;"Sale, Maintenance and Repair of Motor Vehicles and Motorcycles; Retail Sale of Fuel";0
Rest of World;Wholesale Trade and Commission Trade, Except of Motor Vehicles and Motorcycles;0
Rest of World;"Retail Trade, Except of Motor Vehicles and Motorcycles; Repair of Household Goods";0
Rest of World;Hotels and Restaurants;0
Rest of World;Inland Transport;0
Rest of World;Water Transport;0
Rest of World;Air Transport;0
Rest of World;"Other Supporting and Auxiliary Transport Activities; Activities of Travel Agencies";0
Rest of World;Post and Telecommunications;0
Rest of World;Financial Intermediation;0
Rest of World;Real Estate Activities;0
Rest of World;Renting of M&Eq and Other Business Activities;0
Rest of World;"Public Admin and Defence; Compulsory Social Security";0
Rest of World;Education;0
Rest of World;Health and Social Work;0
Rest of World;Other Community, Social and Personal Services;0
Rest of World;Private Households with Employed Persons;0